time,iv_30
2020-11-27,0.0000
2020-06-03,32.2845
2020-06-17,35.2412
2020-08-12,34.9825
2020-01-22,30.2446
2020-08-06,34.7242
2020-04-06,45.8510
2020-03-27,61.8104
2020-03-26,56.5018
2020-04-13,44.6218
2020-04-07,47.3942
2020-01-23,30.4973
2020-08-07,36.4452
2020-08-13,35.0677
2020-06-16,35.2849
2020-06-02,32.7752
2020-11-18,34.3861
2020-11-30,33.2787
2020-11-24,32.6999
2020-01-09,30.7586
2020-08-05,33.0688
2020-01-21,30.9164
2020-08-11,38.4030
2020-03-18,78.7452
2020-03-24,54.6465
2020-03-30,57.3279
2020-03-31,55.5849
2020-03-25,65.3640
2020-03-19,74.0575
2020-08-10,36.7340
2020-06-29,48.2346
2020-08-04,33.7105
2020-01-08,31.6356
2020-06-01,34.7133
2020-06-15,37.4282
2020-11-25,31.7931
2020-11-19,33.4891
2020-11-09,37.1526
2020-01-24,36.7627
2020-08-14,33.4577
2020-01-30,25.2678
2020-06-11,42.5323
2020-08-28,46.8917
2020-06-05,30.2198
2020-04-28,44.6257
2020-04-14,42.8478
2020-03-09,57.1112
2020-04-01,61.4877
2020-04-15,46.7831
2020-04-29,42.0290
2020-03-20,66.8533
2020-06-04,33.4519
2020-06-10,33.7492
2020-01-31,28.0971
2020-11-20,33.8789
2020-08-17,32.2287
2020-08-03,34.4164
2020-01-27,33.8114
2020-06-12,40.2801
2020-04-03,57.8961
2020-04-17,46.5895
2020-04-16,49.7562
2020-04-02,61.2395
2020-03-23,64.2050
2020-11-23,33.6022
2020-02-04,26.8871
2020-05-19,31.6573
2020-02-10,25.2443
2020-12-15,33.7139
2020-12-01,33.2267
2020-12-29,38.2308
2020-07-08,47.9358
2020-09-25,40.3515
2020-07-20,45.4384
2020-07-21,44.1428
2020-09-18,41.8399
2020-09-30,43.9925
2020-09-24,42.9597
2020-07-09,48.1866
2020-10-05,49.0598
2020-12-28,37.4990
2020-12-14,35.3631
2020-05-18,30.2454
2020-02-11,27.3559
2020-02-05,24.9852
2020-02-13,24.0180
2020-02-07,24.9523
2020-05-26,34.0753
2020-12-02,34.5397
2020-12-16,34.2117
2020-10-07,49.8484
2020-10-13,47.1867
2020-07-23,45.7394
2020-07-22,43.6322
2020-10-12,46.8274
2020-10-06,49.5960
2020-12-17,33.9113
2020-12-03,33.8225
2020-05-27,35.0242
2020-02-06,24.5117
2020-02-12,24.1360
2020-12-07,33.8641
2020-10-02,46.3553
2020-10-16,48.5687
2020-09-23,43.9515
2020-09-22,43.1535
2020-07-27,43.1507
2020-02-03,25.6429
2020-05-22,34.3344
2020-05-20,35.0461
2020-05-08,28.9987
2020-12-10,36.2734
2020-12-04,34.5319
2020-10-29,50.7811
2020-10-15,49.0049
2020-10-01,45.6103
2020-07-31,31.9283
2020-09-08,48.7490
2020-09-21,40.9444
2020-09-09,43.8500
2020-07-24,43.0489
2020-07-30,41.9060
2020-10-14,47.5009
2020-10-28,54.5390
2020-12-11,35.7091
2020-02-14,22.9377
2020-02-28,41.7461
2020-05-21,35.1001
2020-02-25,35.6931
2020-02-19,23.1585
2020-05-04,34.9971
2020-12-08,34.3289
2020-10-19,50.1695
2020-07-29,41.1193
2020-09-04,52.1562
2020-09-10,43.2193
2020-07-15,50.1601
2020-07-01,43.1633
2020-07-14,50.8624
2020-09-11,40.8256
2020-07-28,42.5094
2020-10-30,46.4525
2020-12-09,36.4384
2020-12-21,34.2558
2020-05-05,33.3038
2020-02-18,23.6422
2020-05-11,29.2038
2020-02-24,31.9748
2020-02-26,34.5222
2020-05-07,31.3862
2020-05-13,35.1404
2020-12-23,34.1546
2020-10-26,51.1726
2020-07-02,44.2348
2020-07-16,50.3411
2020-07-17,46.7115
2020-10-27,49.6519
2020-12-22,33.9826
2020-05-12,30.5073
2020-05-06,33.7979
2020-02-27,42.3254
2020-10-23,49.2706
2020-07-07,46.8799
2020-07-13,52.2725
2020-09-16,41.8160
2020-09-02,50.4538
2020-09-03,54.0503
2021-01-04,42.9416
2020-09-17,42.8569
2020-07-06,45.4074
2020-10-22,47.7006
2020-05-15,31.6530
2020-05-01,35.6266
2020-05-29,34.8141
2020-02-20,24.8822
2020-12-31,39.3874
2020-10-08,47.7985
2020-10-20,48.9307
2020-07-10,47.0286
2020-09-29,44.4468
2020-09-01,46.5372
2020-09-15,40.7219
2020-09-14,40.7184
2020-09-28,44.1880
2020-10-21,47.9071
2020-10-09,46.4515
2020-12-24,0.0000
2020-12-30,39.7720
2020-12-18,33.0319
2020-05-28,35.7109
2020-02-21,27.5300
2020-05-14,34.5316
2020-11-06,34.1206
2020-11-12,36.8094
2020-06-22,35.3775
2020-01-17,29.7700
2020-01-03,33.6155
2020-08-27,48.5312
2020-04-27,45.5410
2020-03-12,72.3820
2020-03-06,46.6061
2020-03-13,53.7013
2020-01-02,31.7632
2020-08-26,50.0288
2020-01-16,0.0000
2020-06-23,35.6591
2020-11-13,34.6560
2020-11-11,35.7065
2020-11-05,36.3938
2020-08-18,33.9446
2020-01-28,30.8915
2020-08-24,37.1497
2020-06-09,33.2951
2020-01-14,31.0773
2020-04-30,32.2145
2020-04-24,46.9811
2020-03-05,44.2412
2020-03-11,53.6477
2020-03-10,46.7930
2020-03-04,31.8836
2020-01-15,30.6764
2020-08-31,45.6852
2020-06-08,31.6927
2020-08-25,38.1164
2020-01-29,30.2626
2020-08-19,34.2488
2020-11-04,38.9724
2020-11-10,38.7334
2020-08-21,34.5216
2020-06-18,34.8215
2020-06-30,44.2142
2020-06-24,38.8922
2020-04-09,43.9254
2020-04-21,53.7451
2020-04-20,48.3097
2020-04-08,44.3023
2019-12-31,30.4810
2020-06-25,38.0660
2020-06-19,34.5843
2020-01-10,29.9613
2020-08-20,33.1174
2020-11-03,44.4575
2020-11-17,33.7668
2020-01-06,34.6494
2020-03-17,71.2671
2020-03-03,44.0495
2020-04-22,49.3777
2020-04-23,47.1332
2020-03-02,34.2496
2020-03-16,81.1478
2020-06-26,46.6155
2020-01-07,33.0744
2020-01-13,30.8756
2020-11-16,32.9501
2020-11-02,45.6943
